date,year,month,sum,mean,pixels,region,type
2014-01-01,2014,1,10375.020527303219,1.154190736155659,8989,Srinagar (Kashmir),Raw
2014-02-01,2014,2,9536.30902147293,1.0608865303674415,8989,Srinagar (Kashmir),Raw
2014-03-01,2014,3,10854.270057447255,1.207505846862527,8989,Srinagar (Kashmir),Raw
2014-04-01,2014,4,14663.135234031826,1.6312309749729477,8989,Srinagar (Kashmir),Raw
2014-05-01,2014,5,18825.92242986709,2.0943288941892413,8989,Srinagar (Kashmir),Raw
2014-06-01,2014,6,18047.131361290812,2.0076906620637236,8989,Srinagar (Kashmir),Raw
2014-07-01,2014,7,16132.411845475435,1.794683707361824,8989,Srinagar (Kashmir),Raw
2014-08-01,2014,8,17113.730389028788,1.9038525296505493,8989,Srinagar (Kashmir),Raw
2014-09-01,2014,9,12213.288480646908,1.3586926777891766,8989,Srinagar (Kashmir),Raw
2014-10-01,2014,10,14452.620747968554,1.6078118531503565,8989,Srinagar (Kashmir),Raw
2014-11-01,2014,11,10626.778494279744,1.1877476801475069,8947,Srinagar (Kashmir),Raw
2014-12-01,2014,12,13296.807355195284,1.4792309884520285,8989,Srinagar (Kashmir),Raw
2015-01-01,2015,1,11414.355717085302,1.2698137409150407,8989,Srinagar (Kashmir),Raw
2015-02-01,2015,2,13179.94520714879,1.4662304157468895,8989,Srinagar (Kashmir),Raw
2015-03-01,2015,3,13510.118037685752,1.5029611789615922,8989,Srinagar (Kashmir),Raw
2015-04-01,2015,4,15770.753839030862,1.7544503102715387,8989,Srinagar (Kashmir),Raw
2015-05-01,2015,5,16092.742373582907,1.7904697789923127,8988,Srinagar (Kashmir),Raw
2015-06-01,2015,6,15119.140627479588,1.6887234030469773,8953,Srinagar (Kashmir),Raw
2015-07-01,2015,7,10738.232037323847,1.2159701095372943,8831,Srinagar (Kashmir),Raw
2015-08-01,2015,8,15156.208168581856,1.6885258654837183,8976,Srinagar (Kashmir),Raw
2015-09-01,2015,9,16266.802706276998,1.809634298172989,8989,Srinagar (Kashmir),Raw
2015-10-01,2015,10,16474.49117270857,1.8327390335641975,8989,Srinagar (Kashmir),Raw
2015-11-01,2015,11,12452.06870239973,1.3852562801646158,8989,Srinagar (Kashmir),Raw
2015-12-01,2015,12,10883.366859704256,1.2107427811440934,8989,Srinagar (Kashmir),Raw
2016-01-01,2016,1,9864.399653733682,1.1583372068733775,8516,Srinagar (Kashmir),Raw
2016-02-01,2016,2,10458.525550757535,1.1638688571953633,8986,Srinagar (Kashmir),Raw
2016-03-01,2016,3,15161.030417062342,1.6877469015988358,8983,Srinagar (Kashmir),Raw
2016-04-01,2016,4,13384.536223182935,1.5135741516660561,8843,Srinagar (Kashmir),Raw
2016-05-01,2016,5,16786.390219541267,1.867644661720212,8988,Srinagar (Kashmir),Raw
2016-06-01,2016,6,17120.04581600614,1.9045551024592433,8989,Srinagar (Kashmir),Raw
2016-07-01,2016,7,14462.487657047808,1.6103426853410319,8981,Srinagar (Kashmir),Raw
2016-08-01,2016,8,12954.67476808821,1.4459956209496831,8959,Srinagar (Kashmir),Raw
2016-09-01,2016,9,13694.105778731406,1.523429277865325,8989,Srinagar (Kashmir),Raw
2016-10-01,2016,10,16627.465307474136,1.849756959336315,8989,Srinagar (Kashmir),Raw
2016-11-01,2016,11,11748.395804520696,1.306974725166392,8989,Srinagar (Kashmir),Raw
2016-12-01,2016,12,9554.695819683373,1.0629320079745659,8989,Srinagar (Kashmir),Raw
2017-01-01,2017,1,10755.813115477562,1.1965527995858896,8989,Srinagar (Kashmir),Raw
2017-02-01,2017,2,12181.816257163882,1.3551914848330051,8989,Srinagar (Kashmir),Raw
2017-03-01,2017,3,11491.416005179286,1.278386472931281,8989,Srinagar (Kashmir),Raw
2017-04-01,2017,4,13874.272797077894,1.543472332526187,8989,Srinagar (Kashmir),Raw
2017-05-01,2017,5,16795.63089683652,1.8684648900696985,8989,Srinagar (Kashmir),Raw
2017-06-01,2017,6,17295.65015013516,1.924090571825026,8989,Srinagar (Kashmir),Raw
2017-07-01,2017,7,16925.467608898878,1.8829088451328155,8989,Srinagar (Kashmir),Raw
2017-08-01,2017,8,18426.83718314767,2.049931825914748,8989,Srinagar (Kashmir),Raw
2017-09-01,2017,9,19714.64375847578,2.193196546721079,8989,Srinagar (Kashmir),Raw
2017-10-01,2017,10,25698.259988754988,2.8588563787690497,8989,Srinagar (Kashmir),Raw
2017-11-01,2017,11,15937.51999515295,1.7730025581436144,8989,Srinagar (Kashmir),Raw
2017-12-01,2017,12,13052.280009567738,1.4520280353284833,8989,Srinagar (Kashmir),Raw
2018-01-01,2018,1,15708.139993995428,1.7474847028585414,8989,Srinagar (Kashmir),Raw
2018-02-01,2018,2,13752.700004950166,1.5299477144232023,8989,Srinagar (Kashmir),Raw
2018-03-01,2018,3,17266.640005141497,1.9208632779109462,8989,Srinagar (Kashmir),Raw
2018-04-01,2018,4,15672.500011354685,1.7435198588669134,8989,Srinagar (Kashmir),Raw
2018-05-01,2018,5,20273.070012524724,2.255319836747661,8989,Srinagar (Kashmir),Raw
2018-06-01,2018,6,21361.749987214804,2.3764323047296476,8989,Srinagar (Kashmir),Raw
2018-07-01,2018,7,15886.559983693063,1.767333405683954,8989,Srinagar (Kashmir),Raw
2018-08-01,2018,8,16577.620001241565,1.8442118145779913,8989,Srinagar (Kashmir),Raw
2018-09-01,2018,9,19339.27999725938,2.1514384244364644,8989,Srinagar (Kashmir),Raw
2018-10-01,2018,10,19561.63997885585,2.176175323045483,8989,Srinagar (Kashmir),Raw
2018-11-01,2018,11,14818.129989728332,1.6484736889229428,8989,Srinagar (Kashmir),Raw
2018-12-01,2018,12,13331.76998782903,1.4831204792333996,8989,Srinagar (Kashmir),Raw
2019-01-01,2019,1,14932.939993277192,1.6612459665454657,8989,Srinagar (Kashmir),Raw
2019-02-01,2019,2,18076.879997894168,2.0112238537932985,8988,Srinagar (Kashmir),Raw
2019-03-01,2019,3,13865.049997389317,1.542446322993583,8989,Srinagar (Kashmir),Raw
2019-04-01,2019,4,18636.390000239015,2.0732439648725123,8989,Srinagar (Kashmir),Raw
2019-05-01,2019,5,17610.669997006655,1.9591356098572317,8989,Srinagar (Kashmir),Raw
2019-06-01,2019,6,18409.800013244152,2.048036490515536,8989,Srinagar (Kashmir),Raw
2019-07-01,2019,7,17264.40999504924,1.920615195800338,8989,Srinagar (Kashmir),Raw
2019-08-01,2019,8,16373.620002631098,1.821517410460685,8989,Srinagar (Kashmir),Raw
2019-09-01,2019,9,16776.249989643693,1.8663088207413163,8989,Srinagar (Kashmir),Raw
2019-10-01,2019,10,16942.559992820024,1.8848103229302509,8989,Srinagar (Kashmir),Raw
2019-11-01,2019,11,13577.669997781515,1.5104761372545907,8989,Srinagar (Kashmir),Raw
2019-12-01,2019,12,14004.149997025728,1.5579207917483289,8989,Srinagar (Kashmir),Raw
2020-01-01,2020,1,16231.37000080198,1.80569251316075,8989,Srinagar (Kashmir),Raw
2020-02-01,2020,2,17678.61999410391,1.966694848604284,8989,Srinagar (Kashmir),Raw
2020-03-01,2020,3,18175.88999542594,2.022014684105678,8989,Srinagar (Kashmir),Raw
2020-04-01,2020,4,18839.559998482466,2.0958460338727853,8989,Srinagar (Kashmir),Raw
2020-05-01,2020,5,19954.629993766546,2.2198943145807704,8989,Srinagar (Kashmir),Raw
2020-06-01,2020,6,20193.6399910748,2.246483478815753,8989,Srinagar (Kashmir),Raw
2020-07-01,2020,7,17960.059990093112,1.9980042262869186,8989,Srinagar (Kashmir),Raw
2020-08-01,2020,8,18290.93998235464,2.0348136591784005,8989,Srinagar (Kashmir),Raw
2020-09-01,2020,9,19197.61998847127,2.1356791621394224,8989,Srinagar (Kashmir),Raw
2020-10-01,2020,10,21079.09998524189,2.344988317414828,8989,Srinagar (Kashmir),Raw
2020-11-01,2020,11,16255.479989796877,1.808374679029578,8989,Srinagar (Kashmir),Raw
2020-12-01,2020,12,19076.93001407385,2.1222527549308987,8989,Srinagar (Kashmir),Raw
2021-01-01,2021,1,34476.95997413993,3.835461116268765,8989,Srinagar (Kashmir),Raw
2021-02-01,2021,2,21614.27000617981,2.404524419421494,8989,Srinagar (Kashmir),Raw
2021-03-01,2021,3,20113.29997380078,2.2375458865058158,8989,Srinagar (Kashmir),Raw
2021-04-01,2021,4,18887.269997373223,2.101153631924933,8989,Srinagar (Kashmir),Raw
2021-05-01,2021,5,21534.55998209119,2.3956569120137043,8989,Srinagar (Kashmir),Raw
2021-06-01,2021,6,21381.190001010895,2.378594949495038,8989,Srinagar (Kashmir),Raw
2021-07-01,2021,7,18683.829997122288,2.0785215259897973,8989,Srinagar (Kashmir),Raw
2021-08-01,2021,8,20483.869993835688,2.278770719082844,8989,Srinagar (Kashmir),Raw
2021-09-01,2021,9,19621.049987733364,2.1827845130418693,8989,Srinagar (Kashmir),Raw
2021-10-01,2021,10,20494.89999049902,2.2799977740014485,8989,Srinagar (Kashmir),Raw
2021-11-01,2021,11,17088.489976227283,1.9010446074343401,8989,Srinagar (Kashmir),Raw
2021-12-01,2021,12,19404.430001944304,2.1586861722042836,8989,Srinagar (Kashmir),Raw
2022-01-01,2022,1,18964.04999434948,2.1096951823728425,8989,Srinagar (Kashmir),Raw
2022-02-01,2022,2,22002.630004525185,2.4477283351346295,8989,Srinagar (Kashmir),Raw
2022-03-01,2022,3,25410.969984710217,2.8268962047736363,8989,Srinagar (Kashmir),Raw
2022-04-01,2022,4,21528.040001660585,2.3949315832306803,8989,Srinagar (Kashmir),Raw
2022-05-01,2022,5,22445.019984424114,2.4969429285153093,8989,Srinagar (Kashmir),Raw
2022-06-01,2022,6,22763.45998752117,2.5323684489399456,8989,Srinagar (Kashmir),Raw
2022-07-01,2022,7,15949.910015642643,2.0385876809359207,7824,Srinagar (Kashmir),Raw
2022-08-01,2022,8,18604.699998289347,2.0697185446978916,8989,Srinagar (Kashmir),Raw
2022-09-01,2022,9,23138.71998924017,2.5741150282834764,8989,Srinagar (Kashmir),Raw
2022-10-01,2022,10,21940.02997609973,2.4407642647791445,8989,Srinagar (Kashmir),Raw
2022-11-01,2022,11,19145.829988598824,2.129917675892627,8989,Srinagar (Kashmir),Raw
2022-12-01,2022,12,22588.83000329137,2.5129413731551193,8989,Srinagar (Kashmir),Raw
2023-01-01,2023,1,24791.739991098642,2.779966359172308,8918,Srinagar (Kashmir),Raw
2023-02-01,2023,2,24368.22000913322,2.71089331506655,8989,Srinagar (Kashmir),Raw
2023-03-01,2023,3,26502.289983205497,3.059957277820748,8661,Srinagar (Kashmir),Raw
2023-04-01,2023,4,27086.75997942686,3.035611339171451,8923,Srinagar (Kashmir),Raw
2023-05-01,2023,5,30428.450004130602,3.4355255734594787,8857,Srinagar (Kashmir),Raw
2023-06-01,2023,6,27958.550013899803,3.112038069223041,8984,Srinagar (Kashmir),Raw
2023-07-01,2023,7,25009.48999917507,2.7822327287990958,8989,Srinagar (Kashmir),Raw
2023-08-01,2023,8,24779.040004059672,2.7565958398108434,8989,Srinagar (Kashmir),Raw
2023-09-01,2023,9,26500.499988734722,2.948103236036792,8989,Srinagar (Kashmir),Raw
2023-10-01,2023,10,27013.799996197224,3.005206362909915,8989,Srinagar (Kashmir),Raw
2023-11-01,2023,11,23481.139999091625,2.6247641402964033,8946,Srinagar (Kashmir),Raw
2023-12-01,2023,12,22151.579995185137,2.4642985866264477,8989,Srinagar (Kashmir),Raw
2024-01-01,2024,1,24736.089998243377,2.7558032529237275,8976,Srinagar (Kashmir),Raw
2024-02-01,2024,2,26625.479995012283,2.9620068967640765,8989,Srinagar (Kashmir),Raw
2024-03-01,2024,3,29702.970006607473,3.3076804016266674,8980,Srinagar (Kashmir),Raw
2024-04-01,2024,4,27325.42997083068,3.055852155091778,8942,Srinagar (Kashmir),Raw
2024-05-01,2024,5,25366.92999409139,2.822624901979681,8987,Srinagar (Kashmir),Raw
2024-06-01,2024,6,24665.08002001047,2.7439181243754,8989,Srinagar (Kashmir),Raw
2024-07-01,2024,7,26080.199995696545,2.9013460891863994,8989,Srinagar (Kashmir),Raw
2024-08-01,2024,8,23226.14997600019,2.5838413589943476,8989,Srinagar (Kashmir),Raw
2024-09-01,2024,9,25545.850009322166,2.841901213630233,8989,Srinagar (Kashmir),Raw
2024-10-01,2024,10,27091.549994140863,3.013855823132814,8989,Srinagar (Kashmir),Raw
2024-11-01,2024,11,23790.109987974167,2.646580263430211,8989,Srinagar (Kashmir),Raw
2024-12-01,2024,12,26338.949994683266,2.9304572757769543,8988,Srinagar (Kashmir),Raw
2025-01-01,2025,1,31230.949996560812,3.474351985377774,8989,Srinagar (Kashmir),Raw
2025-02-01,2025,2,31615.52001965046,3.557501971379595,8887,Srinagar (Kashmir),Raw
2025-03-01,2025,3,28581.689988717437,3.197414698368658,8939,Srinagar (Kashmir),Raw
2025-04-01,2025,4,29585.530001848936,3.29167000465609,8988,Srinagar (Kashmir),Raw
2025-05-01,2025,5,26133.169995471835,2.9072388469765085,8989,Srinagar (Kashmir),Raw
2025-06-01,2025,6,24400.779996156693,2.7145155185400704,8989,Srinagar (Kashmir),Raw
2025-07-01,2025,7,23162.600006192923,2.576771610434189,8989,Srinagar (Kashmir),Raw
2025-08-01,2025,8,24182.730004042387,2.6902580936747564,8989,Srinagar (Kashmir),Raw
2025-09-01,2025,9,27205.959982782602,3.0265836002650577,8989,Srinagar (Kashmir),Raw
2025-10-01,2025,10,26990.79999282956,3.0026476797006967,8989,Srinagar (Kashmir),Raw
2025-11-01,2025,11,21926.889971852303,2.4393024776785297,8989,Srinagar (Kashmir),Raw
2025-12-01,2025,12,27261.869983622804,3.063131458834023,8900,Srinagar (Kashmir),Raw
2026-01-01,2026,1,29842.949996978045,3.3306863835912996,8960,Srinagar (Kashmir),Raw
2014-01-01,2014,1,5241.243509631604,0.21974021086833825,23852,Leh (Ladakh),Raw
2014-02-01,2014,2,5896.261453693733,0.24720197273577615,23852,Leh (Ladakh),Raw
2014-03-01,2014,3,5740.089734006673,0.24065444130499217,23852,Leh (Ladakh),Raw
2014-04-01,2014,4,3914.830148440553,0.16417135571754393,23846,Leh (Ladakh),Raw
2014-05-01,2014,5,6079.671259216964,0.25489146651085715,23852,Leh (Ladakh),Raw
2014-06-01,2014,6,4610.360077166479,0.1938510733366892,23783,Leh (Ladakh),Raw
2014-07-01,2014,7,4371.314971591732,0.1847086525645116,23666,Leh (Ladakh),Raw
2014-08-01,2014,8,5551.663350466639,0.23320437496709395,23806,Leh (Ladakh),Raw
2014-09-01,2014,9,4831.889328386169,0.20293529308635735,23810,Leh (Ladakh),Raw
2014-10-01,2014,10,4218.27885466069,0.17694864946770794,23839,Leh (Ladakh),Raw
2014-11-01,2014,11,1697.511143985172,0.0948171336639207,17903,Leh (Ladakh),Raw
2014-12-01,2014,12,9106.279210433364,0.3817826266322893,23852,Leh (Ladakh),Raw
2015-01-01,2015,1,5651.600906257983,0.2370439101693643,23842,Leh (Ladakh),Raw
2015-02-01,2015,2,11894.091018944979,0.49866220941409434,23852,Leh (Ladakh),Raw
2015-03-01,2015,3,6772.872506285086,0.2861253223896365,23671,Leh (Ladakh),Raw
2015-04-01,2015,4,5376.4237429322675,0.22727526813207083,23656,Leh (Ladakh),Raw
2015-05-01,2015,5,4411.049010640534,0.18890193185047896,23351,Leh (Ladakh),Raw
2015-06-01,2015,6,3669.3504515447057,0.15975924989309934,22968,Leh (Ladakh),Raw
2015-07-01,2015,7,3860.833483090013,0.16785502730707416,23001,Leh (Ladakh),Raw
2015-08-01,2015,8,2463.2333105672005,0.10701800019842728,23017,Leh (Ladakh),Raw
2015-09-01,2015,9,3283.2229287405353,0.13842164209032992,23719,Leh (Ladakh),Raw
2015-10-01,2015,10,4732.4810690998565,0.19876022969760002,23810,Leh (Ladakh),Raw
2015-11-01,2015,11,5705.77919453755,0.23925608833183287,23848,Leh (Ladakh),Raw
2015-12-01,2015,12,7641.971800453961,0.3203912376510968,23852,Leh (Ladakh),Raw
2016-01-01,2016,1,2029.1441160821332,0.10958276805541574,18517,Leh (Ladakh),Raw
2016-02-01,2016,2,2515.788054559278,0.11095964603534063,22673,Leh (Ladakh),Raw
2016-03-01,2016,3,4012.086541643348,0.17034290925331586,23553,Leh (Ladakh),Raw
2016-04-01,2016,4,2831.3842709789787,0.13013670409426753,21757,Leh (Ladakh),Raw
2016-05-01,2016,5,4639.1423352994025,0.19573614342430287,23701,Leh (Ladakh),Raw
2016-06-01,2016,6,4744.612590742414,0.2003044957462918,23687,Leh (Ladakh),Raw
2016-07-01,2016,7,2878.5736396528337,0.12819299219117497,22455,Leh (Ladakh),Raw
2016-08-01,2016,8,2418.0837977734063,0.11815126540473987,20466,Leh (Ladakh),Raw
2016-09-01,2016,9,4380.132549772039,0.18382292050411445,23828,Leh (Ladakh),Raw
2016-10-01,2016,10,6375.366962224245,0.26732219221871967,23849,Leh (Ladakh),Raw
2016-11-01,2016,11,5081.652085759677,0.21304930763708188,23852,Leh (Ladakh),Raw
2016-12-01,2016,12,4936.104754232336,0.20697323804907275,23849,Leh (Ladakh),Raw
2017-01-01,2017,1,9123.387205421925,0.3824998828367401,23852,Leh (Ladakh),Raw
2017-02-01,2017,2,9533.529438234866,0.39994669791646875,23837,Leh (Ladakh),Raw
2017-03-01,2017,3,8610.51407612674,0.3611338370224695,23843,Leh (Ladakh),Raw
2017-04-01,2017,4,8150.0192997760605,0.3474450824818204,23457,Leh (Ladakh),Raw
2017-05-01,2017,5,9712.069869197905,0.40853362508719576,23773,Leh (Ladakh),Raw
2017-06-01,2017,6,6846.553083005361,0.28900603980605155,23690,Leh (Ladakh),Raw
2017-07-01,2017,7,6946.532993589761,0.2942573386533554,23607,Leh (Ladakh),Raw
2017-08-01,2017,8,11205.726633608341,0.4706706415326084,23808,Leh (Ladakh),Raw
2017-09-01,2017,9,9598.583042200655,0.403420461572759,23793,Leh (Ladakh),Raw
2017-10-01,2017,10,12770.679941505194,0.5367636155642734,23792,Leh (Ladakh),Raw
2017-11-01,2017,11,10193.570014312863,0.42752883505904726,23843,Leh (Ladakh),Raw
2017-12-01,2017,12,8826.370028316975,0.37004737666933485,23852,Leh (Ladakh),Raw
2018-01-01,2018,1,7026.26999527961,0.29457781298338126,23852,Leh (Ladakh),Raw
2018-02-01,2018,2,7941.930022768676,0.3330787629075942,23844,Leh (Ladakh),Raw
2018-03-01,2018,3,9006.000021960586,0.37799043154371637,23826,Leh (Ladakh),Raw
2018-04-01,2018,4,7753.719998499379,0.3285056983645883,23603,Leh (Ladakh),Raw
2018-05-01,2018,5,9124.250027311966,0.3851844827470435,23688,Leh (Ladakh),Raw
2018-06-01,2018,6,8801.730017591268,0.3705679529130712,23752,Leh (Ladakh),Raw
2018-07-01,2018,7,8299.560013405979,0.35097729155520696,23647,Leh (Ladakh),Raw
2018-08-01,2018,8,7220.099997598678,0.30623488983325603,23577,Leh (Ladakh),Raw
2018-09-01,2018,9,7293.23999321647,0.3070062297195012,23756,Leh (Ladakh),Raw
2018-10-01,2018,10,10295.220012579113,0.435150260475046,23659,Leh (Ladakh),Raw
2018-11-01,2018,11,10965.469974786043,0.4597295813678536,23852,Leh (Ladakh),Raw
2018-12-01,2018,12,7175.17000528425,0.300820476491877,23852,Leh (Ladakh),Raw
2019-01-01,2019,1,6763.410008460283,0.2835573540357322,23852,Leh (Ladakh),Raw
2019-02-01,2019,2,7011.420004069805,0.29395522405122443,23852,Leh (Ladakh),Raw
2019-03-01,2019,3,10535.439985826612,0.4417004857381608,23852,Leh (Ladakh),Raw
2019-04-01,2019,4,8719.03001524508,0.3655471245700604,23852,Leh (Ladakh),Raw
2019-05-01,2019,5,8952.57001323998,0.37745889253899906,23718,Leh (Ladakh),Raw
2019-06-01,2019,6,7900.010004833341,0.33369983969051875,23674,Leh (Ladakh),Raw
2019-07-01,2019,7,7706.460004201159,0.3236920364667826,23808,Leh (Ladakh),Raw
2019-08-01,2019,8,7355.660003442317,0.3093472959644342,23778,Leh (Ladakh),Raw
2019-09-01,2019,9,7970.509990921244,0.3347266080514549,23812,Leh (Ladakh),Raw
2019-10-01,2019,10,12106.419964149594,0.5099801998462274,23739,Leh (Ladakh),Raw
2019-11-01,2019,11,10899.33999877423,0.4572062586003704,23839,Leh (Ladakh),Raw
2019-12-01,2019,12,8422.160014748573,0.35310078881219914,23852,Leh (Ladakh),Raw
2020-02-01,2020,2,9982.790026053786,0.4185305226418659,23852,Leh (Ladakh),Raw
2020-03-01,2020,3,8572.230012491345,0.3593925042969707,23852,Leh (Ladakh),Raw
2020-04-01,2020,4,9736.530020043254,0.4085657345492532,23831,Leh (Ladakh),Raw
2020-05-01,2020,5,11122.559991389513,0.46847611790874877,23742,Leh (Ladakh),Raw
2020-06-01,2020,6,11052.589999256656,0.46349869996044013,23846,Leh (Ladakh),Raw
2020-07-01,2020,7,9774.090030774474,0.4100213957032668,23838,Leh (Ladakh),Raw
2020-08-01,2020,8,9031.200029715896,0.37863491655693005,23852,Leh (Ladakh),Raw
2020-09-01,2020,9,9460.51003214717,0.3966338266035204,23852,Leh (Ladakh),Raw
2020-10-01,2020,10,10127.650035783648,0.42460380830889016,23852,Leh (Ladakh),Raw
2020-11-01,2020,11,11253.879998147488,0.47182123084636457,23852,Leh (Ladakh),Raw
2020-12-01,2020,12,11967.509977325797,0.5017403143269242,23852,Leh (Ladakh),Raw
2021-01-01,2021,1,10112.690020129085,0.4239766065792841,23852,Leh (Ladakh),Raw
2021-02-01,2021,2,9767.270032092929,0.4094948026200289,23852,Leh (Ladakh),Raw
2021-03-01,2021,3,11419.019992426038,0.4787447590317809,23852,Leh (Ladakh),Raw
2021-04-01,2021,4,10679.18000139296,0.44776436064540714,23850,Leh (Ladakh),Raw
2021-05-01,2021,5,10448.870006412268,0.4385306587657812,23827,Leh (Ladakh),Raw
2021-06-01,2021,6,12953.789948269725,0.5430903047237013,23852,Leh (Ladakh),Raw
2021-07-01,2021,7,10838.940016180277,0.45442478685981375,23852,Leh (Ladakh),Raw
2021-08-01,2021,8,11447.439998731017,0.4799362736345387,23852,Leh (Ladakh),Raw
2021-09-01,2021,9,9563.980022326112,0.4009718271979755,23852,Leh (Ladakh),Raw
2021-10-01,2021,10,14446.159932613373,0.6056582229001078,23852,Leh (Ladakh),Raw
2021-11-01,2021,11,12701.619980245829,0.5325180270101387,23852,Leh (Ladakh),Raw
2021-12-01,2021,12,14447.519942075014,0.6057152415761787,23852,Leh (Ladakh),Raw
2022-01-01,2022,1,13061.579989977181,0.5476094243659727,23852,Leh (Ladakh),Raw
2022-02-01,2022,2,14312.22995133698,0.6000431809213894,23852,Leh (Ladakh),Raw
2022-03-01,2022,3,13994.359967023134,0.5867164165278859,23852,Leh (Ladakh),Raw
2022-04-01,2022,4,14169.34993749857,0.5940529069888718,23852,Leh (Ladakh),Raw
2022-05-01,2022,5,12677.789971098304,0.5315189489811464,23852,Leh (Ladakh),Raw
2022-06-01,2022,6,13880.809963718057,0.5819558093123451,23852,Leh (Ladakh),Raw
2022-07-01,2022,7,14868.56995433569,0.623367849837988,23852,Leh (Ladakh),Raw
2022-08-01,2022,8,10408.690036833286,0.43638646808792914,23852,Leh (Ladakh),Raw
2022-09-01,2022,9,14437.919940829277,0.6053127595517892,23852,Leh (Ladakh),Raw
2022-10-01,2022,10,14634.199951589108,0.613541839325386,23852,Leh (Ladakh),Raw
2022-11-01,2022,11,14668.529959887266,0.6149811319758203,23852,Leh (Ladakh),Raw
2022-12-01,2022,12,14063.039981082082,0.5895958402264834,23852,Leh (Ladakh),Raw
2023-01-01,2023,1,15301.72997276485,0.6415281725962121,23852,Leh (Ladakh),Raw
2023-02-01,2023,2,14713.879960974678,0.6168824400878198,23852,Leh (Ladakh),Raw
2023-03-01,2023,3,14797.309968862683,0.629485258385276,23507,Leh (Ladakh),Raw
2023-04-01,2023,4,14691.519987177104,0.6182519036812315,23763,Leh (Ladakh),Raw
2023-05-01,2023,5,17121.20995732583,0.728128347253799,23514,Leh (Ladakh),Raw
2023-06-01,2023,6,16880.8399553895,0.7309938057155632,23093,Leh (Ladakh),Raw
2023-07-01,2023,7,13970.15997863561,0.6189703136302884,22570,Leh (Ladakh),Raw
2023-08-01,2023,8,13360.909989759326,0.5648955686520939,23652,Leh (Ladakh),Raw
2023-09-01,2023,9,16464.58993729204,0.6911796287851912,23821,Leh (Ladakh),Raw
2023-10-01,2023,10,17896.64995481074,0.7506039489498275,23843,Leh (Ladakh),Raw
2023-11-01,2023,11,17698.909941345453,0.7477359502047086,23670,Leh (Ladakh),Raw
2023-12-01,2023,12,15655.44996701181,0.6580131963269926,23792,Leh (Ladakh),Raw
2024-01-01,2024,1,12876.769996637478,0.5728100532312046,22480,Leh (Ladakh),Raw
2024-02-01,2024,2,15976.639943195507,0.6818299736768312,23432,Leh (Ladakh),Raw
2024-03-01,2024,3,17056.559946766123,0.7202635001379216,23681,Leh (Ladakh),Raw
2024-04-01,2024,4,16657.91994665563,0.7068924229431628,23565,Leh (Ladakh),Raw
2024-05-01,2024,5,14228.35000844486,0.605384419369649,23503,Leh (Ladakh),Raw
2024-06-01,2024,6,16935.58995737508,0.729730694474969,23208,Leh (Ladakh),Raw
2024-07-01,2024,7,13651.149990584701,0.577704189191058,23630,Leh (Ladakh),Raw
2024-08-01,2024,8,15395.149939998984,0.6472085567746662,23787,Leh (Ladakh),Raw
2024-09-01,2024,9,15975.019956886768,0.671783850163447,23780,Leh (Ladakh),Raw
2024-10-01,2024,10,17424.959936767817,0.7307901332313294,23844,Leh (Ladakh),Raw
2024-11-01,2024,11,18041.039937868714,0.7624155828875762,23663,Leh (Ladakh),Raw
2024-12-01,2024,12,17665.34995860979,0.7409029886595558,23843,Leh (Ladakh),Raw
2025-01-01,2025,1,16911.58994966559,0.7210842941058965,23453,Leh (Ladakh),Raw
2025-02-01,2025,2,16813.679979622364,0.8328964174777017,20187,Leh (Ladakh),Raw
2025-03-01,2025,3,16832.849957846105,0.7330742077278157,22962,Leh (Ladakh),Raw
2025-04-01,2025,4,17642.75993476808,0.7423529384317126,23766,Leh (Ladakh),Raw
2025-05-01,2025,5,15588.279943324625,0.6570956431869758,23723,Leh (Ladakh),Raw
2025-06-01,2025,6,14953.699960267171,0.6290203154951908,23773,Leh (Ladakh),Raw
2025-07-01,2025,7,13622.719972899184,0.5751866227368343,23684,Leh (Ladakh),Raw
2025-08-01,2025,8,12973.250013172626,0.5478568417724927,23680,Leh (Ladakh),Raw
2025-09-01,2025,9,16942.59994084388,0.7146665516870072,23707,Leh (Ladakh),Raw
2025-10-01,2025,10,16753.409937530756,0.7025963488165551,23845,Leh (Ladakh),Raw
2025-11-01,2025,11,13494.490026384592,0.5761459323023052,23422,Leh (Ladakh),Raw
2025-12-01,2025,12,12738.290008425713,0.546238851133178,23320,Leh (Ladakh),Raw
2026-01-01,2026,1,14623.819977030158,0.6527325467340724,22404,Leh (Ladakh),Raw
2014-01-01,2014,1,1175.3546710629016,0.37479421908893545,3136,Manali (Himachal),Raw
2014-02-01,2014,2,1263.6017793491483,0.4030627685324237,3135,Manali (Himachal),Raw
2014-03-01,2014,3,1304.1742014959455,0.4158718754770234,3136,Manali (Himachal),Raw
2014-04-01,2014,4,1139.1004511974752,0.36323356224409287,3136,Manali (Himachal),Raw
2014-05-01,2014,5,1381.6567651182413,0.4405793256116841,3136,Manali (Himachal),Raw
2014-06-01,2014,6,956.0529831566382,0.3050583864571277,3134,Manali (Himachal),Raw
2014-07-01,2014,7,847.9453135500662,0.2705632780951073,3134,Manali (Himachal),Raw
2014-08-01,2014,8,1019.9946784749627,0.32525340512594475,3136,Manali (Himachal),Raw
2014-09-01,2014,9,1054.532902278006,0.33626686934885397,3136,Manali (Himachal),Raw
2014-10-01,2014,10,869.0231352937408,0.2771119691625449,3136,Manali (Himachal),Raw
2014-11-01,2014,11,539.0516648606572,0.2243244547901195,2403,Manali (Himachal),Raw
2014-12-01,2014,12,1657.6840297281742,0.5285982237653617,3136,Manali (Himachal),Raw
2015-01-01,2015,1,1374.660329952836,0.4383483195002666,3136,Manali (Himachal),Raw
2015-02-01,2015,2,1858.095373749733,0.5925049023436648,3136,Manali (Himachal),Raw
2015-03-01,2015,3,1396.9005864784122,0.446865190812032,3126,Manali (Himachal),Raw
2015-04-01,2015,4,1228.2867955937982,0.391673085329655,3136,Manali (Himachal),Raw
2015-05-01,2015,5,977.7674196299631,0.3117880802391464,3136,Manali (Himachal),Raw
2015-06-01,2015,6,809.9884731838392,0.2608658528772429,3105,Manali (Himachal),Raw
2015-07-01,2015,7,820.5776479775086,0.26292138672781434,3121,Manali (Himachal),Raw
2015-08-01,2015,8,589.485096456985,0.1897280645178581,3107,Manali (Himachal),Raw
2015-09-01,2015,9,791.5238253325224,0.25239917899634007,3136,Manali (Himachal),Raw
2015-10-01,2015,10,956.4156581498682,0.30527151552820564,3133,Manali (Himachal),Raw
2015-11-01,2015,11,1064.2466338090599,0.33947261046540983,3135,Manali (Himachal),Raw
2015-12-01,2015,12,1354.8962648436427,0.43204600282003913,3136,Manali (Himachal),Raw
2016-01-01,2016,1,666.0309653698714,0.22623334421530958,2944,Manali (Himachal),Raw
2016-02-01,2016,2,850.4786881285254,0.2731145433938746,3114,Manali (Himachal),Raw
2016-03-01,2016,3,830.9802180927945,0.26651065365387894,3118,Manali (Himachal),Raw
2016-04-01,2016,4,794.2743000146002,0.2540864683348049,3126,Manali (Himachal),Raw
2016-05-01,2016,5,969.8342153653502,0.309258359491502,3136,Manali (Himachal),Raw
2016-06-01,2016,6,878.650576130487,0.2810782393251718,3126,Manali (Himachal),Raw
2016-07-01,2016,7,507.0002293123398,0.16855060814904912,3008,Manali (Himachal),Raw
2016-08-01,2016,8,384.57736351541826,0.1275123884334941,3016,Manali (Himachal),Raw
2016-09-01,2016,9,814.8606855422258,0.2598407798285159,3136,Manali (Himachal),Raw
2016-10-01,2016,10,1142.50580881536,0.36431945434163265,3136,Manali (Himachal),Raw
2016-11-01,2016,11,777.8009363976307,0.24802325777985673,3136,Manali (Himachal),Raw
2016-12-01,2016,12,712.6123916930519,0.22781726077143602,3128,Manali (Himachal),Raw
2017-01-01,2017,1,1272.2830478549004,0.40570250250475137,3136,Manali (Himachal),Raw
2017-02-01,2017,2,1525.7901209667325,0.48669541338651756,3135,Manali (Himachal),Raw
2017-03-01,2017,3,1320.3325677216053,0.4210244157275527,3136,Manali (Himachal),Raw
2017-04-01,2017,4,1410.8561975955963,0.4498903691312488,3136,Manali (Himachal),Raw
2017-05-01,2017,5,1529.5332863777876,0.48773382856434555,3136,Manali (Himachal),Raw
2017-06-01,2017,6,1333.2263637036085,0.42513595781365066,3136,Manali (Himachal),Raw
2017-07-01,2017,7,1093.6290022432804,0.3487337379602297,3136,Manali (Himachal),Raw
2017-08-01,2017,8,1500.3368117958307,0.47842372825122154,3136,Manali (Himachal),Raw
2017-09-01,2017,9,1523.2363295853138,0.48572587040348014,3136,Manali (Himachal),Raw
2017-10-01,2017,10,2009.269990682602,0.6407110939676665,3136,Manali (Himachal),Raw
2017-11-01,2017,11,1815.6699918657541,0.5791610819348498,3135,Manali (Himachal),Raw
2017-12-01,2017,12,1374.970001772046,0.4385869224153257,3135,Manali (Himachal),Raw
2018-01-01,2018,1,1235.530001193285,0.3939827809927567,3136,Manali (Himachal),Raw
2018-02-01,2018,2,1588.4199967384338,0.5065114785517965,3136,Manali (Himachal),Raw
2018-03-01,2018,3,1617.0099969953299,0.5157926625184466,3135,Manali (Himachal),Raw
2018-04-01,2018,4,1418.9800010696054,0.4530587487450847,3132,Manali (Himachal),Raw
2018-05-01,2018,5,1492.5600022524595,0.4759438782692792,3136,Manali (Himachal),Raw
2018-06-01,2018,6,1356.5600028038025,0.4325765315063146,3136,Manali (Himachal),Raw
2018-07-01,2018,7,1170.8199983164668,0.39105544365947453,2994,Manali (Himachal),Raw
2018-08-01,2018,8,1083.9400019869208,0.34898261493461713,3106,Manali (Himachal),Raw
2018-09-01,2018,9,1173.4800002202392,0.3741964286416579,3136,Manali (Himachal),Raw
2018-10-01,2018,10,1580.0999987274408,0.5041799613042249,3134,Manali (Himachal),Raw
2018-11-01,2018,11,1691.109994918108,0.5392570136856212,3136,Manali (Himachal),Raw
2018-12-01,2018,12,1299.8100017234683,0.4144802301414121,3136,Manali (Himachal),Raw
2019-01-01,2019,1,1489.1900041177869,0.4751723050790641,3134,Manali (Himachal),Raw
2019-02-01,2019,2,1416.529997881502,0.45184369948373265,3135,Manali (Himachal),Raw
2019-03-01,2019,3,1542.8899997919798,0.4919929846275446,3136,Manali (Himachal),Raw
2019-04-01,2019,4,1373.6800044625998,0.43803571570873717,3136,Manali (Himachal),Raw
2019-05-01,2019,5,1463.4600034058094,0.4666645419023627,3136,Manali (Himachal),Raw
2019-06-01,2019,6,1479.6200019717216,0.4718176026695541,3136,Manali (Himachal),Raw
2019-07-01,2019,7,1226.7800018657,0.3911926026357461,3136,Manali (Himachal),Raw
2019-08-01,2019,8,958.6000005938113,0.30567602059751636,3136,Manali (Himachal),Raw
2019-09-01,2019,9,1168.8600011616945,0.3727232146561526,3136,Manali (Himachal),Raw
2019-10-01,2019,10,1659.73999504745,0.5329929335412492,3114,Manali (Himachal),Raw
2019-11-01,2019,11,1650.5599989295006,0.5273354629167734,3130,Manali (Himachal),Raw
2019-12-01,2019,12,1384.810003079474,0.44158482241054653,3136,Manali (Himachal),Raw
2020-01-01,2020,1,1155.9599991533905,0.3686096936075863,3136,Manali (Himachal),Raw
2020-02-01,2020,2,1608.0400006771088,0.512767857358772,3136,Manali (Himachal),Raw
2020-03-01,2020,3,1468.5800017118454,0.4682971944234201,3136,Manali (Himachal),Raw
2020-04-01,2020,4,1435.6999952197075,0.457812498475672,3136,Manali (Himachal),Raw
2020-05-01,2020,5,1523.8799965381622,0.48593112134507727,3136,Manali (Himachal),Raw
2020-06-01,2020,6,1422.160002157092,0.4534948986470319,3136,Manali (Himachal),Raw
2020-07-01,2020,7,1307.4499987661839,0.4169164536881964,3136,Manali (Himachal),Raw
2020-08-01,2020,8,1258.5999997258186,0.40133928562685545,3136,Manali (Himachal),Raw
2020-09-01,2020,9,1223.6800047010183,0.3902040831317023,3136,Manali (Himachal),Raw
2020-10-01,2020,10,1448.280003234744,0.461823980623324,3136,Manali (Himachal),Raw
2020-11-01,2020,11,1781.309990733862,0.5680197674533999,3136,Manali (Himachal),Raw
2020-12-01,2020,12,1703.1399950832129,0.5430931106770449,3136,Manali (Himachal),Raw
2021-01-01,2021,1,1488.2500009834766,0.4745695156197311,3136,Manali (Himachal),Raw
2021-02-01,2021,2,1449.9000032097101,0.4623405622479943,3136,Manali (Himachal),Raw
2021-03-01,2021,3,1518.5399975329638,0.48422831553984813,3136,Manali (Himachal),Raw
2021-04-01,2021,4,1668.5999939590693,0.5320790797063358,3136,Manali (Himachal),Raw
2021-05-01,2021,5,1407.4699976444244,0.4488105859835537,3136,Manali (Himachal),Raw
2021-06-01,2021,6,1469.5799966454506,0.4686160703588809,3136,Manali (Himachal),Raw
2021-07-01,2021,7,1671.1499944627285,0.5328922176220435,3136,Manali (Himachal),Raw
2021-08-01,2021,8,1471.689996227622,0.46928890185829786,3136,Manali (Himachal),Raw
2021-09-01,2021,9,1262.0700011253357,0.4024457911751708,3136,Manali (Himachal),Raw
2021-10-01,2021,10,1779.9899920523167,0.5675988495064785,3136,Manali (Himachal),Raw
2021-11-01,2021,11,1651.9299995601177,0.5267633927168742,3136,Manali (Himachal),Raw
2021-12-01,2021,12,2021.4699911475182,0.6446014002383668,3136,Manali (Himachal),Raw
2022-01-01,2022,1,1830.6999937444925,0.5837691306583204,3136,Manali (Himachal),Raw
2022-02-01,2022,2,2019.4299921542406,0.6439508903553063,3136,Manali (Himachal),Raw
2022-03-01,2022,3,1919.3599950671196,0.6120408147535458,3136,Manali (Himachal),Raw
2022-04-01,2022,4,1818.5199920237064,0.5798852015381717,3136,Manali (Himachal),Raw
2022-05-01,2022,5,1799.0099932849407,0.5736639009199428,3136,Manali (Himachal),Raw
2022-06-01,2022,6,1739.6899934709072,0.5547480846527127,3136,Manali (Himachal),Raw
2022-07-01,2022,7,1305.8899952024221,0.445240366587938,2933,Manali (Himachal),Raw
2022-08-01,2022,8,1248.3300036638975,0.39806441443364077,3136,Manali (Himachal),Raw
2022-09-01,2022,9,1808.9999895393848,0.576849486460263,3136,Manali (Himachal),Raw
2022-10-01,2022,10,1829.8199947476387,0.5834885187333032,3136,Manali (Himachal),Raw
2022-11-01,2022,11,1852.659991145134,0.5907716808498514,3136,Manali (Himachal),Raw
2022-12-01,2022,12,1784.999999269843,0.569196428338598,3136,Manali (Himachal),Raw
2023-01-01,2023,1,2203.3399915993214,0.7025956605865183,3136,Manali (Himachal),Raw
2023-02-01,2023,2,1993.2799927294254,0.6356122425795362,3136,Manali (Himachal),Raw
2023-03-01,2023,3,2022.779993608594,0.6483269210283955,3120,Manali (Himachal),Raw
2023-04-01,2023,4,2056.4299914501607,0.6567965478920986,3131,Manali (Himachal),Raw
2023-05-01,2023,5,2395.0199985206127,0.764449409039455,3133,Manali (Himachal),Raw
2023-06-01,2023,6,2076.5099916160107,0.6621524207959217,3136,Manali (Himachal),Raw
2023-07-01,2023,7,1747.1099941506982,0.563220501015699,3102,Manali (Himachal),Raw
2023-08-01,2023,8,1562.2199953645468,0.4981568862769601,3136,Manali (Himachal),Raw
2023-09-01,2023,9,1773.4499929845333,0.565513390620068,3136,Manali (Himachal),Raw
2023-10-01,2023,10,2183.379994928837,0.6968975406731046,3133,Manali (Himachal),Raw
2023-11-01,2023,11,2343.999995663762,0.7488817877520006,3130,Manali (Himachal),Raw
2023-12-01,2023,12,2030.8499943315983,0.6475924726822698,3136,Manali (Himachal),Raw
2024-01-01,2024,1,1776.9900008141994,0.5690009608755041,3123,Manali (Himachal),Raw
2024-02-01,2024,2,2389.0299922525883,0.7618080332438101,3136,Manali (Himachal),Raw
2024-03-01,2024,3,2224.5799904987216,0.7095948933010277,3135,Manali (Himachal),Raw
2024-04-01,2024,4,2301.099995702505,0.745899512383308,3085,Manali (Himachal),Raw
2024-05-01,2024,5,1809.5699969604611,0.5879044824432947,3078,Manali (Himachal),Raw
2024-06-01,2024,6,2209.849994916469,0.7126249580511025,3101,Manali (Himachal),Raw
2024-07-01,2024,7,1549.4899962097406,0.5640662527155954,2747,Manali (Himachal),Raw
2024-08-01,2024,8,1792.849993571639,0.5718819756209375,3135,Manali (Himachal),Raw
2024-09-01,2024,9,1716.8899957239628,0.5474776772078963,3136,Manali (Himachal),Raw
2024-10-01,2024,10,2140.769989475608,0.685485107100739,3123,Manali (Himachal),Raw
2024-11-01,2024,11,2068.009994626045,0.6653828811538112,3108,Manali (Himachal),Raw
2024-12-01,2024,12,2380.199994727969,0.7589923452576433,3136,Manali (Himachal),Raw
2025-01-01,2025,1,2241.55999147892,0.7296744763928776,3072,Manali (Himachal),Raw
2025-02-01,2025,2,2312.5599911659956,0.7402560791184365,3124,Manali (Himachal),Raw
2025-03-01,2025,3,2200.6699933111668,0.7048910933091501,3122,Manali (Himachal),Raw
2025-04-01,2025,4,2157.249990582466,0.6903199969863891,3125,Manali (Himachal),Raw
2025-05-01,2025,5,2003.5499921739101,0.6431942189964398,3115,Manali (Himachal),Raw
2025-06-01,2025,6,1927.6699960883707,0.6190333963032661,3114,Manali (Himachal),Raw
2025-07-01,2025,7,972.1899986099452,0.4371357907418818,2224,Manali (Himachal),Raw
2025-08-01,2025,8,1190.659999942407,0.4240242165037062,2808,Manali (Himachal),Raw
2025-09-01,2025,9,2031.389993339777,0.6477646662435513,3136,Manali (Himachal),Raw
2025-10-01,2025,10,2156.279992491007,0.6875892833198364,3136,Manali (Himachal),Raw
2025-11-01,2025,11,1789.699999757111,0.5852517984817237,3058,Manali (Himachal),Raw
2025-12-01,2025,12,1652.4600010383874,0.5524774326440614,2991,Manali (Himachal),Raw
2026-01-01,2026,1,2432.4799940884113,0.7764059987514879,3133,Manali (Himachal),Raw
2014-01-01,2014,1,1698.2178726047277,1.7745223329203006,957,Ayodhya (UP),Raw
2014-02-01,2014,2,4257.310153320432,4.448599951223022,957,Ayodhya (UP),Raw
2014-03-01,2014,3,4177.2640389204025,4.364957198453921,957,Ayodhya (UP),Raw
2014-04-01,2014,4,3423.8553254902363,3.5776962648800796,957,Ayodhya (UP),Raw
2014-05-01,2014,5,2719.102721452713,2.8412776608701287,957,Ayodhya (UP),Raw
2014-06-01,2014,6,2169.420090124011,2.2668966458976083,957,Ayodhya (UP),Raw
2014-07-01,2014,7,2655.154721841216,2.780266724441064,955,Ayodhya (UP),Raw
2014-08-01,2014,8,2212.95280405879,2.3123853751920485,957,Ayodhya (UP),Raw
2014-09-01,2014,9,2839.7246492505074,2.967319382706904,957,Ayodhya (UP),Raw
2014-10-01,2014,10,5837.890117734671,6.100198660119823,957,Ayodhya (UP),Raw
2014-11-01,2014,11,3294.372073866718,3.519628284045639,936,Ayodhya (UP),Raw
2014-12-01,2014,12,3403.8607006147504,3.556803239931819,957,Ayodhya (UP),Raw
2015-01-01,2015,1,3042.8360405787826,3.1795569912004,957,Ayodhya (UP),Raw
2015-02-01,2015,2,3894.3355928957462,4.069316189023768,957,Ayodhya (UP),Raw
2015-03-01,2015,3,4214.322641223669,4.403680920818881,957,Ayodhya (UP),Raw
2015-04-01,2015,4,3077.0393862724304,3.215297164339008,957,Ayodhya (UP),Raw
2015-05-01,2015,5,2835.031000941992,2.962414839019845,957,Ayodhya (UP),Raw
2015-06-01,2015,6,2504.488659515977,2.61702054285891,957,Ayodhya (UP),Raw
2015-07-01,2015,7,1823.2205915153027,1.9051416839240363,957,Ayodhya (UP),Raw
2015-08-01,2015,8,2437.3594880476594,2.546875118127126,957,Ayodhya (UP),Raw
2015-09-01,2015,9,2565.922642841935,2.6812148828024402,957,Ayodhya (UP),Raw
2015-10-01,2015,10,4402.203305602074,4.600003454129649,957,Ayodhya (UP),Raw
2015-11-01,2015,11,6640.688594907522,6.960889512481679,954,Ayodhya (UP),Raw
2015-12-01,2015,12,5248.080728560686,5.483887908631856,957,Ayodhya (UP),Raw
2016-01-01,2016,1,3992.8225675299764,4.172228388223591,957,Ayodhya (UP),Raw
2016-02-01,2016,2,4719.578624039888,4.931639105579821,957,Ayodhya (UP),Raw
2016-03-01,2016,3,4755.659815758467,4.9693415002700805,957,Ayodhya (UP),Raw
2016-04-01,2016,4,3899.1049786657095,4.095698507001796,952,Ayodhya (UP),Raw
2016-05-01,2016,5,2673.9719884097576,2.7941191101460374,957,Ayodhya (UP),Raw
2016-06-01,2016,6,2166.4318505376577,2.2637741384928503,957,Ayodhya (UP),Raw
2016-07-01,2016,7,1781.961368650198,2.01124307974063,886,Ayodhya (UP),Raw
2016-08-01,2016,8,2234.2714119255543,2.3346618724404955,957,Ayodhya (UP),Raw
2016-09-01,2016,9,1916.0336300134659,2.002125005238731,957,Ayodhya (UP),Raw
2016-10-01,2016,10,5574.320426255465,5.824786234331729,957,Ayodhya (UP),Raw
2016-11-01,2016,11,5434.897707849741,5.679098963270366,957,Ayodhya (UP),Raw
2016-12-01,2016,12,4241.489095382392,4.450670614252248,953,Ayodhya (UP),Raw
2017-01-01,2017,1,4863.188384890556,5.081701551609776,957,Ayodhya (UP),Raw
2017-02-01,2017,2,5675.846974343061,5.930874581340712,957,Ayodhya (UP),Raw
2017-03-01,2017,3,4775.489521026611,4.990062195430106,957,Ayodhya (UP),Raw
2017-04-01,2017,4,4248.641349852085,4.4395416403888035,957,Ayodhya (UP),Raw
2017-05-01,2017,5,3405.851579785347,3.558883573443414,957,Ayodhya (UP),Raw
2017-06-01,2017,6,3112.300853073597,3.252143002166768,957,Ayodhya (UP),Raw
2017-07-01,2017,7,2982.187221676111,3.1161830947503772,957,Ayodhya (UP),Raw
2017-08-01,2017,8,2908.0830696225166,3.0387492890517414,957,Ayodhya (UP),Raw
2017-09-01,2017,9,3127.846934914589,3.268387601791629,957,Ayodhya (UP),Raw
2017-10-01,2017,10,5217.159994065762,5.4515778412390405,957,Ayodhya (UP),Raw
2017-11-01,2017,11,5814.540016174316,6.075799389941815,957,Ayodhya (UP),Raw
2017-12-01,2017,12,5187.979990512133,5.4210867194484145,957,Ayodhya (UP),Raw
2018-01-01,2018,1,4081.5299993157387,4.264921629379037,957,Ayodhya (UP),Raw
2018-02-01,2018,2,5756.639995217323,6.015297800645061,957,Ayodhya (UP),Raw
2018-03-01,2018,3,5341.369995415211,5.58136885623324,957,Ayodhya (UP),Raw
2018-04-01,2018,4,4491.289999008179,4.693092997918682,957,Ayodhya (UP),Raw
2018-05-01,2018,5,3564.3200023770332,3.724472311783734,957,Ayodhya (UP),Raw
2018-06-01,2018,6,3107.080001413822,3.246687566785603,957,Ayodhya (UP),Raw
2018-07-01,2018,7,3788.3299970030785,3.9585475412780338,957,Ayodhya (UP),Raw
2018-08-01,2018,8,3451.1700066030025,3.606238251413796,957,Ayodhya (UP),Raw
2018-09-01,2018,9,3582.9199951291084,3.7439080408872605,957,Ayodhya (UP),Raw
2018-10-01,2018,10,4640.679999887943,4.849195402181759,957,Ayodhya (UP),Raw
2018-11-01,2018,11,5938.069989204407,6.204879821530206,957,Ayodhya (UP),Raw
2018-12-01,2018,12,4935.289981156588,5.15704282252517,957,Ayodhya (UP),Raw
2019-01-01,2019,1,5035.020009070635,5.261253927973495,957,Ayodhya (UP),Raw
2019-02-01,2019,2,5548.410001277924,5.797711600081425,957,Ayodhya (UP),Raw
2019-03-01,2019,3,5891.400006592274,6.156112859553055,957,Ayodhya (UP),Raw
2019-04-01,2019,4,4969.170002818108,5.192445144010562,957,Ayodhya (UP),Raw
2019-05-01,2019,5,4994.549998164177,5.2189655153230685,957,Ayodhya (UP),Raw
2019-06-01,2019,6,4554.93999671936,4.759602922381776,957,Ayodhya (UP),Raw
2019-07-01,2019,7,3822.5500108003616,3.9943051314528333,957,Ayodhya (UP),Raw
2019-08-01,2019,8,3646.2700121104717,3.810104505862562,957,Ayodhya (UP),Raw
2019-09-01,2019,9,3034.4799994826317,3.170825495802123,957,Ayodhya (UP),Raw
2019-10-01,2019,10,5045.69999563694,5.2724137885443465,957,Ayodhya (UP),Raw
2019-11-01,2019,11,5738.849986195564,5.996708449525146,957,Ayodhya (UP),Raw
2019-12-01,2019,12,5082.630004286766,5.311003139275617,957,Ayodhya (UP),Raw
2020-01-01,2020,1,4700.580002516508,4.91178683648538,957,Ayodhya (UP),Raw
2020-02-01,2020,2,5729.180005848408,5.9866039768530905,957,Ayodhya (UP),Raw
2020-03-01,2020,3,5119.069981098175,5.349080440018992,957,Ayodhya (UP),Raw
2020-04-01,2020,4,4612.490005791187,4.819738773031544,957,Ayodhya (UP),Raw
2020-05-01,2020,5,4269.739996433258,4.461588293033707,957,Ayodhya (UP),Raw
2020-06-01,2020,6,4193.419985413551,4.381839065217922,957,Ayodhya (UP),Raw
2020-07-01,2020,7,3526.729999065399,3.689048116177196,956,Ayodhya (UP),Raw
2020-08-01,2020,8,3606.7899953722954,3.7807023012288212,954,Ayodhya (UP),Raw
2020-09-01,2020,9,4120.799994468689,4.30595610707282,957,Ayodhya (UP),Raw
2020-10-01,2020,10,4220.380005121231,4.410010454672133,957,Ayodhya (UP),Raw
2020-11-01,2020,11,6621.660031318665,6.919184985703934,957,Ayodhya (UP),Raw
2020-12-01,2020,12,4950.950004160404,5.173406482926232,957,Ayodhya (UP),Raw
2021-01-01,2021,1,3936.5900020599365,4.113469176656151,957,Ayodhya (UP),Raw
2021-02-01,2021,2,5263.670008063316,5.500177646879118,957,Ayodhya (UP),Raw
2021-03-01,2021,3,5530.599994361401,5.77910135251975,957,Ayodhya (UP),Raw
2021-04-01,2021,4,5622.000001072884,5.87460815159131,957,Ayodhya (UP),Raw
2021-05-01,2021,5,4829.099999785423,5.046081504477976,957,Ayodhya (UP),Raw
2021-06-01,2021,6,4356.270001232624,4.552006270880485,957,Ayodhya (UP),Raw
2021-07-01,2021,7,4111.850003749132,4.820457214242828,853,Ayodhya (UP),Raw
2021-08-01,2021,8,3879.9500129818916,4.580814655232458,847,Ayodhya (UP),Raw
2021-09-01,2021,9,4227.8899923563,4.417857881250052,957,Ayodhya (UP),Raw
2021-10-01,2021,10,4820.4499970674515,5.037042839150942,957,Ayodhya (UP),Raw
2021-11-01,2021,11,6640.099998056889,6.938453498492047,957,Ayodhya (UP),Raw
2021-12-01,2021,12,6159.08998888731,6.435830709391128,957,Ayodhya (UP),Raw
2022-01-01,2022,1,4664.649995952845,4.874242420013422,957,Ayodhya (UP),Raw
2022-02-01,2022,2,5679.13000613451,5.934305126577335,957,Ayodhya (UP),Raw
2022-03-01,2022,3,6398.169994533062,6.685653076837055,957,Ayodhya (UP),Raw
2022-04-01,2022,4,6041.8500072956085,6.313322891635955,957,Ayodhya (UP),Raw
2022-05-01,2022,5,5694.029998242855,5.949874606314373,957,Ayodhya (UP),Raw
2022-06-01,2022,6,5408.779998719692,5.651807731159553,957,Ayodhya (UP),Raw
2022-07-01,2022,7,0.0,0.0,0,Ayodhya (UP),Raw
2022-08-01,2022,8,4333.110012114048,4.527805655291586,957,Ayodhya (UP),Raw
2022-09-01,2022,9,5083.289990365505,5.311692779901259,957,Ayodhya (UP),Raw
2022-10-01,2022,10,6549.359992682934,6.843636355990527,957,Ayodhya (UP),Raw
2022-11-01,2022,11,7061.88999068737,7.379195392567785,957,Ayodhya (UP),Raw
2022-12-01,2022,12,5318.590001821518,5.557565310158326,957,Ayodhya (UP),Raw
2023-01-01,2023,1,6077.309994220734,6.350376169509649,957,Ayodhya (UP),Raw
2023-02-01,2023,2,7337.219993472099,7.666896544902925,957,Ayodhya (UP),Raw
2023-03-01,2023,3,5771.149992823601,6.0304597626160925,957,Ayodhya (UP),Raw
2023-04-01,2023,4,6370.539999067783,6.6567816082213,957,Ayodhya (UP),Raw
2023-05-01,2023,5,6566.470002770424,6.861515154410056,957,Ayodhya (UP),Raw
2023-06-01,2023,6,6318.779991090298,6.602695915454857,957,Ayodhya (UP),Raw
2023-07-01,2023,7,5547.8299968242645,5.797105534821593,957,Ayodhya (UP),Raw
2023-08-01,2023,8,5747.059999406338,6.005287355701502,957,Ayodhya (UP),Raw
2023-09-01,2023,9,4360.099998652935,4.556008358049044,957,Ayodhya (UP),Raw
2023-10-01,2023,10,6700.990007162094,7.002079422321938,957,Ayodhya (UP),Raw
2023-11-01,2023,11,7916.250008404255,8.271943582449587,957,Ayodhya (UP),Raw
2023-12-01,2023,12,8507.76001226902,8.890031360782675,957,Ayodhya (UP),Raw
2024-01-01,2024,1,6199.410001754761,6.477962384278747,957,Ayodhya (UP),Raw
2024-02-01,2024,2,11823.26999682188,12.354514103262153,957,Ayodhya (UP),Raw
2024-03-01,2024,3,13427.079986453056,14.030386610713748,957,Ayodhya (UP),Raw
2024-04-01,2024,4,10552.599989414215,11.026750250171593,957,Ayodhya (UP),Raw
2024-05-01,2024,5,9903.110011696815,10.348077337196255,957,Ayodhya (UP),Raw
2024-06-01,2024,6,9026.819999694824,9.43241379278456,957,Ayodhya (UP),Raw
2024-07-01,2024,7,7499.639992773533,7.836614412511529,957,Ayodhya (UP),Raw
2024-08-01,2024,8,6879.700004577637,7.211425581318277,954,Ayodhya (UP),Raw
2024-09-01,2024,9,9969.569995701313,10.41752350647995,957,Ayodhya (UP),Raw
2024-10-01,2024,10,10854.86001932621,11.342591451751526,957,Ayodhya (UP),Raw
2024-11-01,2024,11,10395.939997673035,10.86305119924037,957,Ayodhya (UP),Raw
2024-12-01,2024,12,10050.800006747246,10.502403350833069,957,Ayodhya (UP),Raw
2025-01-01,2025,1,9962.119988143444,10.409738754590851,957,Ayodhya (UP),Raw
2025-02-01,2025,2,13547.989969968796,14.156729331210864,957,Ayodhya (UP),Raw
2025-03-01,2025,3,12419.360009074211,12.977387679283398,957,Ayodhya (UP),Raw
2025-04-01,2025,4,12368.079984784126,12.923803536869515,957,Ayodhya (UP),Raw
2025-05-01,2025,5,10908.960009932518,11.399122267432098,957,Ayodhya (UP),Raw
2025-06-01,2025,6,10156.88002216816,10.6132497619312,957,Ayodhya (UP),Raw
2025-07-01,2025,7,8063.890009760857,8.42621735607195,957,Ayodhya (UP),Raw
2025-08-01,2025,8,9407.310000002384,9.83000000000249,957,Ayodhya (UP),Raw
2025-09-01,2025,9,10987.550014853477,11.481243484695378,957,Ayodhya (UP),Raw
2025-10-01,2025,10,14007.520024061203,14.636907026187256,957,Ayodhya (UP),Raw
2025-11-01,2025,11,12364.239989995956,12.919791003130571,957,Ayodhya (UP),Raw
2025-12-01,2025,12,7162.250007420778,7.484064793543133,957,Ayodhya (UP),Raw
2026-01-01,2026,1,12245.670009970665,12.795893427346567,957,Ayodhya (UP),Raw
